index,word
0,ABACK
1,ABASE
2,ABATE
3,ABBEY
4,ABBOT
5,ABHOR
6,ABIDE
7,ABLED
8,ABODE
9,ABORT
10,ABOUT
11,ABOVE
12,ABUSE
13,ABYSS
14,ACORN
15,ACRID
16,ACTOR
17,ACUTE
18,ADAGE
19,ADAPT
20,ADEPT
21,ADMIN
22,ADMIT
23,ADOBE
24,ADOPT
25,ADORE
26,ADORN
27,ADULT
28,AFFIX
29,AFIRE
30,AFOOT
31,AFOUL
32,AFTER
33,AGAIN
34,AGAPE
35,AGATE
36,AGENT
37,AGILE
38,AGING
39,AGLOW
40,AGONY
41,AGREE
42,AHEAD
43,AIDER
44,AISLE
45,ALARM
46,ALBUM
47,ALERT
48,ALGAE
49,ALIBI
50,ALIEN
51,ALIGN
52,ALIKE
53,ALIVE
54,ALLAY
55,ALLEY
56,ALLOT
57,ALLOW
58,ALLOY
59,ALOFT
60,ALONE
61,ALONG
62,ALOOF
63,ALOUD
64,ALPHA
65,ALTAR
66,ALTER
67,AMASS
68,AMAZE
69,AMBER
70,AMBLE
71,AMEND
72,AMISS
73,AMITY
74,AMONG
75,AMPLE
76,AMPLY
77,AMUSE
78,ANGEL
79,ANGER
80,ANGLE
81,ANGRY
82,ANGST
83,ANIME
84,ANKLE
85,ANNEX
86,ANNOY
87,ANNUL
88,ANODE
89,ANTIC
90,ANVIL
91,AORTA
92,APART
93,APHID
94,APING
95,APNEA
96,APPLE
97,APPLY
98,APRON
99,APTLY
100,ARBOR
101,ARDOR
102,ARENA
103,ARGUE
104,ARISE
105,ARMOR
106,AROMA
107,AROSE
108,ARRAY
109,ARROW
110,ARSON
111,ARTSY
112,ASCOT
113,ASHEN
114,ASIDE
115,ASKEW
116,ASSAY
117,ASSET
118,ATOLL
119,ATONE
120,ATTIC
121,AUDIO
122,AUDIT
123,AUGUR
124,AUNTY
125,AVAIL
126,AVERT
127,AVIAN
128,AVOID
129,AWAIT
130,AWAKE
131,AWARD
132,AWARE
133,AWASH
134,AWFUL
135,AWOKE
136,AXIAL
137,AXIOM
138,AXION
139,AZURE
140,BACON
141,BADGE
142,BADLY
143,BAGEL
144,BAGGY
145,BAKER
146,BALER
147,BALMY
148,BANAL
149,BANJO
150,BARGE
151,BARON
152,BASAL
153,BASIC
154,BASIL
155,BASIN
156,BASIS
157,BASTE
158,BATCH
159,BATHE
160,BATON
161,BATTY
162,BAWDY
163,BAYOU
164,BEACH
165,BEADY
166,BEARD
167,BEAST
168,BEECH
169,BEEFY
170,BEFIT
171,BEGAN
172,BEGAT
173,BEGET
174,BEGIN
175,BEGUN
176,BEING
177,BELCH
178,BELIE
179,BELLE
180,BELLY
181,BELOW
182,BENCH
183,BERET
184,BERRY
185,BERTH
186,BESET
187,BETEL
188,BEVEL
189,BEZEL
190,BIBLE
191,BICEP
192,BIDDY
193,BIGOT
194,BILGE
195,BILLY
196,BINGE
197,BINGO
198,BIOME
199,BIRCH
200,BIRTH
201,BISON
202,BITTY
203,BLACK
204,BLADE
205,BLAME
206,BLAND
207,BLANK
208,BLARE
209,BLAST
210,BLAZE
211,BLEAK
212,BLEAT
213,BLEED
214,BLEEP
215,BLEND
216,BLESS
217,BLIMP
218,BLIND
219,BLINK
220,BLISS
221,BLITZ
222,BLOAT
223,BLOCK
224,BLOKE
225,BLOND
226,BLOOD
227,BLOOM
228,BLOWN
229,BLUER
230,BLUFF
231,BLUNT
232,BLURB
233,BLURT
234,BLUSH
235,BOARD
236,BOAST
237,BOBBY
238,BONEY
239,BONGO
240,BONUS
241,BOOBY
242,BOOST
243,BOOTH
244,BOOTY
245,BOOZE
246,BOOZY
247,BORAX
248,BORNE
249,BOSOM
250,BOSSY
251,BOTCH
252,BOUGH
253,BOULE
254,BOUND
255,BOWEL
256,BOXER
257,BRACE
258,BRAID
259,BRAIN
260,BRAKE
261,BRAND
262,BRASH
263,BRASS
264,BRAVE
265,BRAVO
266,BRAWL
267,BRAWN
268,BREAD
269,BREAK
270,BREED
271,BRIAR
272,BRIBE
273,BRICK
274,BRIDE
275,BRIEF
276,BRINE
277,BRING
278,BRINK
279,BRINY
280,BRISK
281,BROAD
282,BROIL
283,BROKE
284,BROOD
285,BROOK
286,BROOM
287,BROTH
288,BROWN
289,BRUNT
290,BRUSH
291,BRUTE
292,BUDDY
293,BUDGE
294,BUGGY
295,BUGLE
296,BUILD
297,BUILT
298,BULGE
299,BULKY
300,BULLY
301,BUNCH
302,BUNNY
303,BURLY
304,BURNT
305,BURST
306,BUSED
307,BUSHY
308,BUTCH
309,BUTTE
310,BUXOM
311,BUYER
312,BYLAW
313,CABAL
314,CABBY
315,CABIN
316,CABLE
317,CACAO
318,CACHE
319,CACTI
320,CADDY
321,CADET
322,CAGEY
323,CAIRN
324,CAMEL
325,CAMEO
326,CANAL
327,CANDY
328,CANNY
329,CANOE
330,CANON
331,CAPER
332,CAPUT
333,CARAT
334,CARGO
335,CAROL
336,CARRY
337,CARVE
338,CASTE
339,CATCH
340,CATER
341,CATTY
342,CAULK
343,CAUSE
344,CAVIL
345,CEASE
346,CEDAR
347,CELLO
348,CHAFE
349,CHAFF
350,CHAIN
351,CHAIR
352,CHALK
353,CHAMP
354,CHANT
355,CHAOS
356,CHARD
357,CHARM
358,CHART
359,CHASE
360,CHASM
361,CHEAP
362,CHEAT
363,CHECK
364,CHEEK
365,CHEER
366,CHESS
367,CHEST
368,CHICK
369,CHIDE
370,CHIEF
371,CHILD
372,CHILI
373,CHILL
374,CHIME
375,CHINA
376,CHIRP
377,CHOCK
378,CHOIR
379,CHOKE
380,CHORD
381,CHORE
382,CHOSE
383,CHUCK
384,CHUMP
385,CHUNK
386,CHURN
387,CHUTE
388,CIDER
389,CIGAR
390,CINCH
391,CIRCA
392,CIVIC
393,CIVIL
394,CLACK
395,CLAIM
396,CLAMP
397,CLANG
398,CLANK
399,CLASH
400,CLASP
401,CLASS
402,CLEAN
403,CLEAR
404,CLEAT
405,CLEFT
406,CLERK
407,CLICK
408,CLIFF
409,CLIMB
410,CLING
411,CLINK
412,CLOAK
413,CLOCK
414,CLONE
415,CLOSE
416,CLOTH
417,CLOUD
418,CLOUT
419,CLOVE
420,CLOWN
421,CLUCK
422,CLUED
423,CLUMP
424,CLUNG
425,COACH
426,COAST
427,COBRA
428,COCOA
429,COLON
430,COLOR
431,COMET
432,COMFY
433,COMIC
434,COMMA
435,CONCH
436,CONDO
437,CONIC
438,COPSE
439,CORAL
440,CORER
441,CORNY
442,COUCH
443,COUGH
444,COULD
445,COUNT
446,COUPE
447,COURT
448,COVEN
449,COVER
450,COVET
451,COVEY
452,COWER
453,COYLY
454,CRACK
455,CRAFT
456,CRAMP
457,CRANE
458,CRANK
459,CRASH
460,CRASS
461,CRATE
462,CRAVE
463,CRAWL
464,CRAZE
465,CRAZY
466,CREAK
467,CREAM
468,CREDO
469,CREED
470,CREEK
471,CREEP
472,CREME
473,CREPE
474,CREPT
475,CRESS
476,CREST
477,CRICK
478,CRIED
479,CRIER
480,CRIME
481,CRIMP
482,CRISP
483,CROAK
484,CROCK
485,CRONE
486,CRONY
487,CROOK
488,CROSS
489,CROUP
490,CROWD
491,CROWN
492,CRUDE
493,CRUEL
494,CRUMB
495,CRUMP
496,CRUSH
497,CRUST
498,CRYPT
499,CUBIC
500,CUMIN
501,CURIO
502,CURLY
503,CURRY
504,CURSE
505,CURVE
506,CURVY
507,CUTIE
508,CYBER
509,CYCLE
510,CYNIC
511,DADDY
512,DAILY
513,DAIRY
514,DAISY
515,DALLY
516,DANCE
517,DANDY
518,DATUM
519,DAUNT
520,DEALT
521,DEATH
522,DEBAR
523,DEBIT
524,DEBUG
525,DEBUT
526,DECAL
527,DECAY
528,DECOR
529,DECOY
530,DECRY
531,DEFER
532,DEIGN
533,DEITY
534,DELAY
535,DELTA
536,DELVE
537,DEMON
538,DEMUR
539,DENIM
540,DENSE
541,DEPOT
542,DEPTH
543,DERBY
544,DETER
545,DETOX
546,DEUCE
547,DEVIL
548,DIARY
549,DICEY
550,DIGIT
551,DILLY
552,DIMLY
553,DINER
554,DINGO
555,DINGY
556,DIODE
557,DIRGE
558,DIRTY
559,DISCO
560,DITCH
561,DITTO
562,DITTY
563,DIVER
564,DIZZY
565,DODGE
566,DODGY
567,DOGMA
568,DOING
569,DOLLY
570,DONOR
571,DONUT
572,DOPEY
573,DOUBT
574,DOUGH
575,DOWDY
576,DOWEL
577,DOWNY
578,DOWRY
579,DOZEN
580,DRAFT
581,DRAIN
582,DRAKE
583,DRAMA
584,DRANK
585,DRAPE
586,DRAWL
587,DRAWN
588,DREAD
589,DREAM
590,DRESS
591,DRIED
592,DRIER
593,DRIFT
594,DRILL
595,DRINK
596,DRIVE
597,DROIT
598,DROLL
599,DRONE
600,DROOL
601,DROOP
602,DROSS
603,DROVE
604,DROWN
605,DRUID
606,DRUNK
607,DRYER
608,DRYLY
609,DUCHY
610,DULLY
611,DUMMY
612,DUMPY
613,DUNCE
614,DUSKY
615,DUSTY
616,DUTCH
617,DUVET
618,DWARF
619,DWELL
620,DWELT
621,DYING
622,EAGER
623,EAGLE
624,EARLY
625,EARTH
626,EASEL
627,EATEN
628,EATER
629,EBONY
630,ECLAT
631,EDICT
632,EDIFY
633,EERIE
634,EGRET
635,EIGHT
636,EJECT
637,EKING
638,ELATE
639,ELBOW
640,ELDER
641,ELECT
642,ELEGY
643,ELFIN
644,ELIDE
645,ELITE
646,ELOPE
647,ELUDE
648,EMAIL
649,EMBED
650,EMBER
651,EMCEE
652,EMPTY
653,ENACT
654,ENDOW
655,ENEMA
656,ENEMY
657,ENJOY
658,ENNUI
659,ENSUE
660,ENTER
661,ENTRY
662,ENVOY
663,EPOCH
664,EPOXY
665,EQUAL
666,EQUIP
667,ERASE
668,ERECT
669,ERODE
670,ERROR
671,ERUPT
672,ESSAY
673,ESTER
674,ETHER
675,ETHIC
676,ETHOS
677,ETUDE
678,EVADE
679,EVENT
680,EVERY
681,EVICT
682,EVOKE
683,EXACT
684,EXALT
685,EXCEL
686,EXERT
687,EXILE
688,EXIST
689,EXPEL
690,EXTOL
691,EXTRA
692,EXULT
693,EYING
694,FABLE
695,FACET
696,FAINT
697,FAIRY
698,FAITH
699,FALSE
700,FANCY
701,FANNY
702,FARCE
703,FATAL
704,FATTY
705,FAULT
706,FAUNA
707,FAVOR
708,FEAST
709,FECAL
710,FEIGN
711,FELLA
712,FELON
713,FEMME
714,FEMUR
715,FENCE
716,FERAL
717,FERRY
718,FETAL
719,FETCH
720,FETID
721,FETUS
722,FEVER
723,FEWER
724,FIBER
725,FICUS
726,FIELD
727,FIEND
728,FIERY
729,FIFTH
730,FIFTY
731,FIGHT
732,FILER
733,FILET
734,FILLY
735,FILMY
736,FILTH
737,FINAL
738,FINCH
739,FINER
740,FIRST
741,FISHY
742,FIXER
743,FIZZY
744,FJORD
745,FLACK
746,FLAIL
747,FLAIR
748,FLAKE
749,FLAKY
750,FLAME
751,FLANK
752,FLARE
753,FLASH
754,FLASK
755,FLECK
756,FLEET
757,FLESH
758,FLICK
759,FLIER
760,FLING
761,FLINT
762,FLIRT
763,FLOAT
764,FLOCK
765,FLOOD
766,FLOOR
767,FLORA
768,FLOSS
769,FLOUR
770,FLOUT
771,FLOWN
772,FLUFF
773,FLUID
774,FLUKE
775,FLUME
776,FLUNG
777,FLUNK
778,FLUSH
779,FLUTE
780,FLYER
781,FOAMY
782,FOCAL
783,FOCUS
784,FOGGY
785,FOIST
786,FOLIO
787,FOLLY
788,FORAY
789,FORCE
790,FORGE
791,FORGO
792,FORTE
793,FORTH
794,FORTY
795,FORUM
796,FOUND
797,FOYER
798,FRAIL
799,FRAME
800,FRANK
801,FRAUD
802,FREAK
803,FREED
804,FREER
805,FRESH
806,FRIAR
807,FRIED
808,FRILL
809,FRISK
810,FRITZ
811,FROCK
812,FROND
813,FRONT
814,FROST
815,FROTH
816,FROWN
817,FROZE
818,FRUIT
819,FUDGE
820,FUGUE
821,FULLY
822,FUNGI
823,FUNKY
824,FUNNY
825,FUROR
826,FURRY
827,FUSSY
828,FUZZY
829,GAFFE
830,GAILY
831,GAMER
832,GAMMA
833,GAMUT
834,GASSY
835,GAUDY
836,GAUGE
837,GAUNT
838,GAUZE
839,GAVEL
840,GAWKY
841,GAYER
842,GAYLY
843,GAZER
844,GECKO
845,GEEKY
846,GEESE
847,GENIE
848,GENRE
849,GHOST
850,GHOUL
851,GIANT
852,GIDDY
853,GIPSY
854,GIRLY
855,GIRTH
856,GIVEN
857,GIVER
858,GLADE
859,GLAND
860,GLARE
861,GLASS
862,GLAZE
863,GLEAM
864,GLEAN
865,GLIDE
866,GLINT
867,GLOAT
868,GLOBE
869,GLOOM
870,GLORY
871,GLOSS
872,GLOVE
873,GLYPH
874,GNASH
875,GNOME
876,GODLY
877,GOING
878,GOLEM
879,GOLLY
880,GONAD
881,GONER
882,GOODY
883,GOOEY
884,GOOFY
885,GOOSE
886,GORGE
887,GOUGE
888,GOURD
889,GRACE
890,GRADE
891,GRAFT
892,GRAIL
893,GRAIN
894,GRAND
895,GRANT
896,GRAPE
897,GRAPH
898,GRASP
899,GRASS
900,GRATE
901,GRAVE
902,GRAVY
903,GRAZE
904,GREAT
905,GREED
906,GREEN
907,GREET
908,GRIEF
909,GRILL
910,GRIME
911,GRIMY
912,GRIND
913,GRIPE
914,GROAN
915,GROIN
916,GROOM
917,GROPE
918,GROSS
919,GROUP
920,GROUT
921,GROVE
922,GROWL
923,GROWN
924,GRUEL
925,GRUFF
926,GRUNT
927,GUARD
928,GUAVA
929,GUESS
930,GUEST
931,GUIDE
932,GUILD
933,GUILE
934,GUILT
935,GUISE
936,GULCH
937,GULLY
938,GUMBO
939,GUMMY
940,GUPPY
941,GUSTO
942,GUSTY
943,GYPSY
944,HABIT
945,HAIRY
946,HALVE
947,HANDY
948,HAPPY
949,HARDY
950,HAREM
951,HARPY
952,HARRY
953,HARSH
954,HASTE
955,HASTY
956,HATCH
957,HATER
958,HAUNT
959,HAUTE
960,HAVEN
961,HAVOC
962,HAZEL
963,HEADY
964,HEARD
965,HEART
966,HEATH
967,HEAVE
968,HEAVY
969,HEDGE
970,HEFTY
971,HEIST
972,HELIX
973,HELLO
974,HENCE
975,HERON
976,HILLY
977,HINGE
978,HIPPO
979,HIPPY
980,HITCH
981,HOARD
982,HOBBY
983,HOIST
984,HOLLY
985,HOMER
986,HONEY
987,HONOR
988,HORDE
989,HORNY
990,HORSE
991,HOTEL
992,HOTLY
993,HOUND
994,HOUSE
995,HOVEL
996,HOVER
997,HOWDY
998,HUMAN
999,HUMID
1000,HUMOR
1001,HUMPH
1002,HUMUS
1003,HUNCH
1004,HUNKY
1005,HURRY
1006,HUSKY
1007,HUSSY
1008,HUTCH
1009,HYDRO
1010,HYENA
1011,HYMEN
1012,HYPER
1013,ICILY
1014,ICING
1015,IDEAL
1016,IDIOM
1017,IDIOT
1018,IDLER
1019,IDYLL
1020,IGLOO
1021,ILIAC
1022,IMAGE
1023,IMBUE
1024,IMPEL
1025,IMPLY
1026,INANE
1027,INBOX
1028,INCUR
1029,INDEX
1030,INEPT
1031,INERT
1032,INFER
1033,INGOT
1034,INLAY
1035,INLET
1036,INNER
1037,INPUT
1038,INTER
1039,INTRO
1040,IONIC
1041,IRATE
1042,IRONY
1043,ISLET
1044,ISSUE
1045,ITCHY
1046,IVORY
1047,JAUNT
1048,JAZZY
1049,JELLY
1050,JERKY
1051,JETTY
1052,JEWEL
1053,JIFFY
1054,JOINT
1055,JOIST
1056,JOKER
1057,JOLLY
1058,JOUST
1059,JUDGE
1060,JUICE
1061,JUICY
1062,JUMBO
1063,JUMPY
1064,JUNTA
1065,JUNTO
1066,JUROR
1067,KAPPA
1068,KARMA
1069,KAYAK
1070,KEBAB
1071,KHAKI
1072,KINKY
1073,KIOSK
1074,KITTY
1075,KNACK
1076,KNAVE
1077,KNEAD
1078,KNEED
1079,KNEEL
1080,KNELT
1081,KNIFE
1082,KNOCK
1083,KNOLL
1084,KNOWN
1085,KOALA
1086,KRILL
1087,LABEL
1088,LABOR
1089,LADEN
1090,LADLE
1091,LAGER
1092,LANCE
1093,LANKY
1094,LAPEL
1095,LAPSE
1096,LARGE
1097,LARVA
1098,LASSO
1099,LATCH
1100,LATER
1101,LATHE
1102,LATTE
1103,LAUGH
1104,LAYER
1105,LEACH
1106,LEAFY
1107,LEAKY
1108,LEANT
1109,LEAPT
1110,LEARN
1111,LEASE
1112,LEASH
1113,LEAST
1114,LEAVE
1115,LEDGE
1116,LEECH
1117,LEERY
1118,LEFTY
1119,LEGAL
1120,LEGGY
1121,LEMON
1122,LEMUR
1123,LEPER
1124,LEVEL
1125,LEVER
1126,LIBEL
1127,LIEGE
1128,LIGHT
1129,LIKEN
1130,LILAC
1131,LIMBO
1132,LIMIT
1133,LINEN
1134,LINER
1135,LINGO
1136,LIPID
1137,LITHE
1138,LIVER
1139,LIVID
1140,LLAMA
1141,LOAMY
1142,LOATH
1143,LOBBY
1144,LOCAL
1145,LOCUS
1146,LODGE
1147,LOFTY
1148,LOGIC
1149,LOGIN
1150,LOOPY
1151,LOOSE
1152,LORRY
1153,LOSER
1154,LOUSE
1155,LOUSY
1156,LOVER
1157,LOWER
1158,LOWLY
1159,LOYAL
1160,LUCID
1161,LUCKY
1162,LUMEN
1163,LUMPY
1164,LUNAR
1165,LUNCH
1166,LUNGE
1167,LUPUS
1168,LURCH
1169,LURID
1170,LUSTY
1171,LYING
1172,LYMPH
1173,LYRIC
1174,MACAW
1175,MACHO
1176,MACRO
1177,MADAM
1178,MADLY
1179,MAFIA
1180,MAGIC
1181,MAGMA
1182,MAIZE
1183,MAJOR
1184,MAKER
1185,MAMBO
1186,MAMMA
1187,MAMMY
1188,MANGA
1189,MANGE
1190,MANGO
1191,MANGY
1192,MANIA
1193,MANIC
1194,MANLY
1195,MANOR
1196,MAPLE
1197,MARCH
1198,MARRY
1199,MARSH
1200,MASON
1201,MASSE
1202,MATCH
1203,MATEY
1204,MAUVE
1205,MAXIM
1206,MAYBE
1207,MAYOR
1208,MEALY
1209,MEANT
1210,MEATY
1211,MECCA
1212,MEDAL
1213,MEDIA
1214,MEDIC
1215,MELEE
1216,MELON
1217,MERCY
1218,MERGE
1219,MERIT
1220,MERRY
1221,METAL
1222,METER
1223,METRO
1224,MICRO
1225,MIDGE
1226,MIDST
1227,MIGHT
1228,MILKY
1229,MIMIC
1230,MINCE
1231,MINER
1232,MINIM
1233,MINOR
1234,MINTY
1235,MINUS
1236,MIRTH
1237,MISER
1238,MISSY
1239,MOCHA
1240,MODAL
1241,MODEL
1242,MODEM
1243,MOGUL
1244,MOIST
1245,MOLAR
1246,MOLDY
1247,MONEY
1248,MONTH
1249,MOODY
1250,MOOSE
1251,MORAL
1252,MORON
1253,MORPH
1254,MOSSY
1255,MOTEL
1256,MOTIF
1257,MOTOR
1258,MOTTO
1259,MOULT
1260,MOUND
1261,MOUNT
1262,MOURN
1263,MOUSE
1264,MOUTH
1265,MOVER
1266,MOVIE
1267,MOWER
1268,MUCKY
1269,MUCUS
1270,MUDDY
1271,MULCH
1272,MUMMY
1273,MUNCH
1274,MURAL
1275,MURKY
1276,MUSHY
1277,MUSIC
1278,MUSKY
1279,MUSTY
1280,MYRRH
1281,NADIR
1282,NAIVE
1283,NANNY
1284,NASAL
1285,NASTY
1286,NATAL
1287,NAVAL
1288,NAVEL
1289,NEEDY
1290,NEIGH
1291,NERDY
1292,NERVE
1293,NEVER
1294,NEWER
1295,NEWLY
1296,NICER
1297,NICHE
1298,NIECE
1299,NIGHT
1300,NINJA
1301,NINNY
1302,NINTH
1303,NOBLE
1304,NOBLY
1305,NOISE
1306,NOISY
1307,NOMAD
1308,NOOSE
1309,NORTH
1310,NOSEY
1311,NOTCH
1312,NOVEL
1313,NUDGE
1314,NURSE
1315,NUTTY
1316,NYLON
1317,NYMPH
1318,OAKEN
1319,OBESE
1320,OCCUR
1321,OCEAN
1322,OCTAL
1323,OCTET
1324,ODDER
1325,ODDLY
1326,OFFAL
1327,OFFER
1328,OFTEN
1329,OLDEN
1330,OLDER
1331,OLIVE
1332,OMBRE
1333,OMEGA
1334,ONION
1335,ONSET
1336,OPERA
1337,OPINE
1338,OPIUM
1339,OPTIC
1340,ORBIT
1341,ORDER
1342,ORGAN
1343,OTHER
1344,OTTER
1345,OUGHT
1346,OUNCE
1347,OUTDO
1348,OUTER
1349,OUTGO
1350,OVARY
1351,OVATE
1352,OVERT
1353,OVINE
1354,OVOID
1355,OWING
1356,OWNER
1357,OXIDE
1358,OZONE
1359,PADDY
1360,PAGAN
1361,PAINT
1362,PALER
1363,PALSY
1364,PANEL
1365,PANIC
1366,PANSY
1367,PAPAL
1368,PAPER
1369,PARER
1370,PARKA
1371,PARRY
1372,PARSE
1373,PARTY
1374,PASTA
1375,PASTE
1376,PASTY
1377,PATCH
1378,PATIO
1379,PATSY
1380,PATTY
1381,PAUSE
1382,PAYEE
1383,PAYER
1384,PEACE
1385,PEACH
1386,PEARL
1387,PECAN
1388,PEDAL
1389,PENAL
1390,PENCE
1391,PENNE
1392,PENNY
1393,PERCH
1394,PERIL
1395,PERKY
1396,PESKY
1397,PESTO
1398,PETAL
1399,PETTY
1400,PHASE
1401,PHONE
1402,PHONY
1403,PHOTO
1404,PIANO
1405,PICKY
1406,PIECE
1407,PIETY
1408,PIGGY
1409,PILOT
1410,PINCH
1411,PINEY
1412,PINKY
1413,PINTO
1414,PIPER
1415,PIQUE
1416,PITCH
1417,PITHY
1418,PIVOT
1419,PIXEL
1420,PIXIE
1421,PIZZA
1422,PLACE
1423,PLAID
1424,PLAIN
1425,PLAIT
1426,PLANE
1427,PLANK
1428,PLANT
1429,PLATE
1430,PLAZA
1431,PLEAD
1432,PLEAT
1433,PLIED
1434,PLIER
1435,PLUCK
1436,PLUMB
1437,PLUME
1438,PLUMP
1439,PLUNK
1440,PLUSH
1441,POESY
1442,POINT
1443,POISE
1444,POKER
1445,POLAR
1446,POLKA
1447,POLYP
1448,POOCH
1449,POPPY
1450,PORCH
1451,POSER
1452,POSIT
1453,POSSE
1454,POUCH
1455,POUND
1456,POUTY
1457,POWER
1458,PRANK
1459,PRAWN
1460,PREEN
1461,PRESS
1462,PRICE
1463,PRICK
1464,PRIDE
1465,PRIED
1466,PRIME
1467,PRIMO
1468,PRINT
1469,PRIOR
1470,PRISM
1471,PRIVY
1472,PRIZE
1473,PROBE
1474,PRONE
1475,PRONG
1476,PROOF
1477,PROSE
1478,PROUD
1479,PROVE
1480,PROWL
1481,PROXY
1482,PRUDE
1483,PRUNE
1484,PSALM
1485,PUBIC
1486,PUDGY
1487,PUFFY
1488,PULPY
1489,PULSE
1490,PUNCH
1491,PUPIL
1492,PUPPY
1493,PUREE
1494,PURER
1495,PURGE
1496,PURSE
1497,PUSHY
1498,PUTTY
1499,PYGMY
1500,QUACK
1501,QUAIL
1502,QUAKE
1503,QUALM
1504,QUARK
1505,QUART
1506,QUASH
1507,QUASI
1508,QUEEN
1509,QUEER
1510,QUELL
1511,QUERY
1512,QUEST
1513,QUEUE
1514,QUICK
1515,QUIET
1516,QUILL
1517,QUILT
1518,QUIRK
1519,QUITE
1520,QUOTA
1521,QUOTE
1522,QUOTH
1523,RABBI
1524,RABID
1525,RACER
1526,RADAR
1527,RADII
1528,RADIO
1529,RAINY
1530,RAISE
1531,RAJAH
1532,RALLY
1533,RALPH
1534,RAMEN
1535,RANCH
1536,RANDY
1537,RANGE
1538,RAPID
1539,RARER
1540,RASPY
1541,RATIO
1542,RATTY
1543,RAVEN
1544,RAYON
1545,RAZOR
1546,REACH
1547,REACT
1548,READY
1549,REALM
1550,REARM
1551,REBAR
1552,REBEL
1553,REBUS
1554,REBUT
1555,RECAP
1556,RECUR
1557,RECUT
1558,REEDY
1559,REFER
1560,REFIT
1561,REGAL
1562,REHAB
1563,REIGN
1564,RELAX
1565,RELAY
1566,RELIC
1567,REMIT
1568,RENAL
1569,RENEW
1570,REPAY
1571,REPEL
1572,REPLY
1573,RERUN
1574,RESET
1575,RESIN
1576,RETCH
1577,RETRO
1578,RETRY
1579,REUSE
1580,REVEL
1581,REVUE
1582,RHINO
1583,RHYME
1584,RIDER
1585,RIDGE
1586,RIFLE
1587,RIGHT
1588,RIGID
1589,RIGOR
1590,RINSE
1591,RIPEN
1592,RIPER
1593,RISEN
1594,RISER
1595,RISKY
1596,RIVAL
1597,RIVER
1598,RIVET
1599,ROACH
1600,ROAST
1601,ROBIN
1602,ROBOT
1603,ROCKY
1604,RODEO
1605,ROGER
1606,ROGUE
1607,ROOMY
1608,ROOST
1609,ROTOR
1610,ROUGE
1611,ROUGH
1612,ROUND
1613,ROUSE
1614,ROUTE
1615,ROVER
1616,ROWDY
1617,ROWER
1618,ROYAL
1619,RUDDY
1620,RUDER
1621,RUGBY
1622,RULER
1623,RUMBA
1624,RUMOR
1625,RUPEE
1626,RURAL
1627,RUSTY
1628,SADLY
1629,SAFER
1630,SAINT
1631,SALAD
1632,SALLY
1633,SALON
1634,SALSA
1635,SALTY
1636,SALVE
1637,SALVO
1638,SANDY
1639,SANER
1640,SAPPY
1641,SASSY
1642,SATIN
1643,SATYR
1644,SAUCE
1645,SAUCY
1646,SAUNA
1647,SAUTE
1648,SAVOR
1649,SAVOY
1650,SAVVY
1651,SCALD
1652,SCALE
1653,SCALP
1654,SCALY
1655,SCAMP
1656,SCANT
1657,SCARE
1658,SCARF
1659,SCARY
1660,SCENE
1661,SCENT
1662,SCION
1663,SCOFF
1664,SCOLD
1665,SCONE
1666,SCOOP
1667,SCOPE
1668,SCORE
1669,SCORN
1670,SCOUR
1671,SCOUT
1672,SCOWL
1673,SCRAM
1674,SCRAP
1675,SCREE
1676,SCREW
1677,SCRUB
1678,SCRUM
1679,SCUBA
1680,SEDAN
1681,SEEDY
1682,SEGUE
1683,SEIZE
1684,SEMEN
1685,SENSE
1686,SEPIA
1687,SERIF
1688,SERUM
1689,SERVE
1690,SETUP
1691,SEVEN
1692,SEVER
1693,SEWER
1694,SHACK
1695,SHADE
1696,SHADY
1697,SHAFT
1698,SHAKE
1699,SHAKY
1700,SHALE
1701,SHALL
1702,SHALT
1703,SHAME
1704,SHANK
1705,SHAPE
1706,SHARD
1707,SHARE
1708,SHARK
1709,SHARP
1710,SHAVE
1711,SHAWL
1712,SHEAR
1713,SHEEN
1714,SHEEP
1715,SHEER
1716,SHEET
1717,SHEIK
1718,SHELF
1719,SHELL
1720,SHIED
1721,SHIFT
1722,SHINE
1723,SHINY
1724,SHIRE
1725,SHIRK
1726,SHIRT
1727,SHOAL
1728,SHOCK
1729,SHONE
1730,SHOOK
1731,SHOOT
1732,SHORE
1733,SHORN
1734,SHORT
1735,SHOUT
1736,SHOVE
1737,SHOWN
1738,SHOWY
1739,SHREW
1740,SHRUB
1741,SHRUG
1742,SHUCK
1743,SHUNT
1744,SHUSH
1745,SHYLY
1746,SIEGE
1747,SIEVE
1748,SIGHT
1749,SIGMA
1750,SILKY
1751,SILLY
1752,SINCE
1753,SINEW
1754,SINGE
1755,SIREN
1756,SISSY
1757,SIXTH
1758,SIXTY
1759,SKATE
1760,SKIER
1761,SKIFF
1762,SKILL
1763,SKIMP
1764,SKIRT
1765,SKULK
1766,SKULL
1767,SKUNK
1768,SLACK
1769,SLAIN
1770,SLANG
1771,SLANT
1772,SLASH
1773,SLATE
1774,SLEEK
1775,SLEEP
1776,SLEET
1777,SLEPT
1778,SLICE
1779,SLICK
1780,SLIDE
1781,SLIME
1782,SLIMY
1783,SLING
1784,SLINK
1785,SLOOP
1786,SLOPE
1787,SLOSH
1788,SLOTH
1789,SLUMP
1790,SLUNG
1791,SLUNK
1792,SLURP
1793,SLUSH
1794,SLYLY
1795,SMACK
1796,SMALL
1797,SMART
1798,SMASH
1799,SMEAR
1800,SMELL
1801,SMELT
1802,SMILE
1803,SMIRK
1804,SMITE
1805,SMITH
1806,SMOCK
1807,SMOKE
1808,SMOKY
1809,SMOTE
1810,SNACK
1811,SNAIL
1812,SNAKE
1813,SNAKY
1814,SNARE
1815,SNARL
1816,SNEAK
1817,SNEER
1818,SNIDE
1819,SNIFF
1820,SNIPE
1821,SNOOP
1822,SNORE
1823,SNORT
1824,SNOUT
1825,SNOWY
1826,SNUCK
1827,SNUFF
1828,SOAPY
1829,SOBER
1830,SOGGY
1831,SOLAR
1832,SOLID
1833,SOLVE
1834,SONAR
1835,SONIC
1836,SOOTH
1837,SOOTY
1838,SORRY
1839,SOUND
1840,SOUTH
1841,SOWER
1842,SPACE
1843,SPADE
1844,SPANK
1845,SPARE
1846,SPARK
1847,SPASM
1848,SPAWN
1849,SPEAK
1850,SPEAR
1851,SPECK
1852,SPEED
1853,SPELL
1854,SPELT
1855,SPEND
1856,SPENT
1857,SPERM
1858,SPICE
1859,SPICY
1860,SPIED
1861,SPIEL
1862,SPIKE
1863,SPIKY
1864,SPILL
1865,SPILT
1866,SPINE
1867,SPINY
1868,SPIRE
1869,SPITE
1870,SPLAT
1871,SPLIT
1872,SPOIL
1873,SPOKE
1874,SPOOF
1875,SPOOK
1876,SPOOL
1877,SPOON
1878,SPORE
1879,SPORT
1880,SPOUT
1881,SPRAY
1882,SPREE
1883,SPRIG
1884,SPUNK
1885,SPURN
1886,SPURT
1887,SQUAD
1888,SQUAT
1889,SQUIB
1890,STACK
1891,STAFF
1892,STAGE
1893,STAID
1894,STAIN
1895,STAIR
1896,STAKE
1897,STALE
1898,STALK
1899,STALL
1900,STAMP
1901,STAND
1902,STANK
1903,STARE
1904,STARK
1905,START
1906,STASH
1907,STATE
1908,STAVE
1909,STEAD
1910,STEAK
1911,STEAL
1912,STEAM
1913,STEED
1914,STEEL
1915,STEEP
1916,STEER
1917,STEIN
1918,STERN
1919,STICK
1920,STIFF
1921,STILL
1922,STILT
1923,STING
1924,STINK
1925,STINT
1926,STOCK
1927,STOIC
1928,STOKE
1929,STOLE
1930,STOMP
1931,STONE
1932,STONY
1933,STOOD
1934,STOOL
1935,STOOP
1936,STORE
1937,STORK
1938,STORM
1939,STORY
1940,STOUT
1941,STOVE
1942,STRAP
1943,STRAW
1944,STRAY
1945,STRIP
1946,STRUT
1947,STUCK
1948,STUDY
1949,STUFF
1950,STUMP
1951,STUNG
1952,STUNK
1953,STUNT
1954,STYLE
1955,SUAVE
1956,SUGAR
1957,SUING
1958,SUITE
1959,SULKY
1960,SULLY
1961,SUMAC
1962,SUNNY
1963,SUPER
1964,SURER
1965,SURGE
1966,SURLY
1967,SUSHI
1968,SWAMI
1969,SWAMP
1970,SWARM
1971,SWASH
1972,SWATH
1973,SWEAR
1974,SWEAT
1975,SWEEP
1976,SWEET
1977,SWELL
1978,SWEPT
1979,SWIFT
1980,SWILL
1981,SWINE
1982,SWING
1983,SWIRL
1984,SWISH
1985,SWOON
1986,SWOOP
1987,SWORD
1988,SWORE
1989,SWORN
1990,SWUNG
1991,SYNOD
1992,SYRUP
1993,TABBY
1994,TABLE
1995,TABOO
1996,TACIT
1997,TACKY
1998,TAFFY
1999,TAINT
2000,TAKEN
2001,TAKER
2002,TALLY
2003,TALON
2004,TAMER
2005,TANGO
2006,TANGY
2007,TAPER
2008,TAPIR
2009,TARDY
2010,TAROT
2011,TASTE
2012,TASTY
2013,TATTY
2014,TAUNT
2015,TAWNY
2016,TEACH
2017,TEARY
2018,TEASE
2019,TEDDY
2020,TEETH
2021,TEMPO
2022,TENET
2023,TENOR
2024,TENSE
2025,TENTH
2026,TEPEE
2027,TEPID
2028,TERRA
2029,TERSE
2030,TESTY
2031,THANK
2032,THEFT
2033,THEIR
2034,THEME
2035,THERE
2036,THESE
2037,THETA
2038,THICK
2039,THIEF
2040,THIGH
2041,THING
2042,THINK
2043,THIRD
2044,THONG
2045,THORN
2046,THOSE
2047,THREE
2048,THREW
2049,THROB
2050,THROW
2051,THRUM
2052,THUMB
2053,THUMP
2054,THYME
2055,TIARA
2056,TIBIA
2057,TIDAL
2058,TIGER
2059,TIGHT
2060,TILDE
2061,TIMER
2062,TIMID
2063,TIPSY
2064,TITAN
2065,TITHE
2066,TITLE
2067,TOAST
2068,TODAY
2069,TODDY
2070,TOKEN
2071,TONAL
2072,TONGA
2073,TONIC
2074,TOOTH
2075,TOPAZ
2076,TOPIC
2077,TORCH
2078,TORSO
2079,TORUS
2080,TOTAL
2081,TOTEM
2082,TOUCH
2083,TOUGH
2084,TOWEL
2085,TOWER
2086,TOXIC
2087,TOXIN
2088,TRACE
2089,TRACK
2090,TRACT
2091,TRADE
2092,TRAIL
2093,TRAIN
2094,TRAIT
2095,TRAMP
2096,TRASH
2097,TRAWL
2098,TREAD
2099,TREAT
2100,TREND
2101,TRIAD
2102,TRIAL
2103,TRIBE
2104,TRICE
2105,TRICK
2106,TRIED
2107,TRIPE
2108,TRITE
2109,TROLL
2110,TROOP
2111,TROPE
2112,TROUT
2113,TROVE
2114,TRUCE
2115,TRUCK
2116,TRUER
2117,TRULY
2118,TRUMP
2119,TRUNK
2120,TRUSS
2121,TRUST
2122,TRUTH
2123,TRYST
2124,TUBAL
2125,TUBER
2126,TULIP
2127,TULLE
2128,TUMOR
2129,TUNIC
2130,TURBO
2131,TUTOR
2132,TWANG
2133,TWEAK
2134,TWEED
2135,TWEET
2136,TWICE
2137,TWINE
2138,TWIRL
2139,TWIST
2140,TWIXT
2141,TYING
2142,UDDER
2143,ULCER
2144,ULTRA
2145,UMBRA
2146,UNCLE
2147,UNCUT
2148,UNDER
2149,UNDID
2150,UNDUE
2151,UNFED
2152,UNFIT
2153,UNIFY
2154,UNION
2155,UNITE
2156,UNITY
2157,UNLIT
2158,UNMET
2159,UNSET
2160,UNTIE
2161,UNTIL
2162,UNWED
2163,UNZIP
2164,UPPER
2165,UPSET
2166,URBAN
2167,URINE
2168,USAGE
2169,USHER
2170,USING
2171,USUAL
2172,USURP
2173,UTILE
2174,UTTER
2175,VAGUE
2176,VALET
2177,VALID
2178,VALOR
2179,VALUE
2180,VALVE
2181,VAPID
2182,VAPOR
2183,VAULT
2184,VAUNT
2185,VEGAN
2186,VENOM
2187,VENUE
2188,VERGE
2189,VERSE
2190,VERSO
2191,VERVE
2192,VICAR
2193,VIDEO
2194,VIGIL
2195,VIGOR
2196,VILLA
2197,VINYL
2198,VIOLA
2199,VIPER
2200,VIRAL
2201,VIRUS
2202,VISIT
2203,VISOR
2204,VISTA
2205,VITAL
2206,VIVID
2207,VIXEN
2208,VOCAL
2209,VODKA
2210,VOGUE
2211,VOICE
2212,VOILA
2213,VOMIT
2214,VOTER
2215,VOUCH
2216,VOWEL
2217,VYING
2218,WACKY
2219,WAFER
2220,WAGER
2221,WAGON
2222,WAIST
2223,WAIVE
2224,WALTZ
2225,WARTY
2226,WASTE
2227,WATCH
2228,WATER
2229,WAVER
2230,WAXEN
2231,WEARY
2232,WEAVE
2233,WEDGE
2234,WEEDY
2235,WEIGH
2236,WEIRD
2237,WELCH
2238,WELSH
2239,WHACK
2240,WHALE
2241,WHARF
2242,WHEAT
2243,WHEEL
2244,WHELP
2245,WHERE
2246,WHICH
2247,WHIFF
2248,WHILE
2249,WHINE
2250,WHINY
2251,WHIRL
2252,WHISK
2253,WHITE
2254,WHOLE
2255,WHOOP
2256,WHOSE
2257,WIDEN
2258,WIDER
2259,WIDOW
2260,WIDTH
2261,WIELD
2262,WIGHT
2263,WILLY
2264,WIMPY
2265,WINCE
2266,WINCH
2267,WINDY
2268,WISER
2269,WISPY
2270,WITCH
2271,WITTY
2272,WOKEN
2273,WOMAN
2274,WOMEN
2275,WOODY
2276,WOOER
2277,WOOLY
2278,WOOZY
2279,WORDY
2280,WORLD
2281,WORRY
2282,WORSE
2283,WORST
2284,WORTH
2285,WOULD
2286,WOUND
2287,WOVEN
2288,WRACK
2289,WRATH
2290,WREAK
2291,WRECK
2292,WREST
2293,WRING
2294,WRIST
2295,WRITE
2296,WRONG
2297,WROTE
2298,WRUNG
2299,WRYLY
2300,YACHT
2301,YEARN
2302,YEAST
2303,YIELD
2304,YOUNG
2305,YOUTH
2306,ZEBRA
2307,ZESTY
2308,ZONAL